Slug,Start date,End date,Organiser,Exhibitor,Delegation,Website,Alias
,,,,,,,
3cdse-2017,2017-02-01,2017-02-01,3,,,http://www.hdse.co.uk,Herefordshire Defence & Security Expo 2017;HDSE 2017;Three Counties Defence & Security Expo 2017
3cdse-2018,2018-05-31,2018-05-31,1,39,,https://www.3cdse.co.uk,Three Counties Defence & Security Expo 2018
3cdse-2019,2019-07-16,2019-07-17,1,72,,https://www.3cdse.co.uk,Three Counties Defence & Security Expo 2019
3cdse-2021,2021-11-03,2021-11-04,2,124,,https://www.3cdse.co.uk,Three Counties Defence & Security Expo 2021
3cdse-2022,2022-11-02,2022-11-03,2,,,https://www.3cdse.co.uk,Three Counties Defence & Security Expo 2021
,,,,,,,
aad-2004,2004-09-21,2004-09-25,,,,http://www.aadexpo.co.za,African Aerospace and Defence 2004
aad-2006,2006-09-20,2006-09-24,,209,,http://www.aadexpo.co.za,African Aerospace and Defence 2006
aad-2008,2008-09-17,2008-09-21,,220,,http://www.aadexpo.co.za,African Aerospace and Defence 2008
aad-2010,2010-09-21,2010-09-25,,323,,http://www.aadexpo.co.za,African Aerospace and Defence 2008
aad-2012,2012-09-19,2012-09-23,,295,,http://www.aadexpo.co.za,African Aerospace and Defence 2012
aad-2014,2014-09-17,2014-09-21,,477,,http://www.aadexpo.co.za,African Aerospace and Defence 2014
aad-2016,2016-09-14,2016-09-18,,448,,http://www.aadexpo.co.za,African Aerospace and Defence 2016
aad-2018,2018-09-19,2018-09-23,,374,,http://www.aadexpo.co.za,African Aerospace and Defence 2018
aad-2022,2022-09-21,2022-09-25,,,,http://www.aadexpo.co.za/,Africa Aerospace & Defence
,,,,,,,
adas-2014,2014-07-16,2014-07-18,,133,,https://www.adas.ph/,Asian Defence Security and Crisis Management Exhibition
adas-2016,2016-09-28,2016-09-30,,131,,https://www.adas.ph/,Asian Defence Security and Crisis Management Exhibition
adas-2018,2018-09-26,2018-09-28,,109,,https://www.adas.ph/,Asian Defence Security and Crisis Management Exhibition
adas-2022,2022-04-27,2022-04-29,,129,,https://www.adas.ph/,Asian Defence Security and Crisis Management Exhibition
,,,,,,,
adecs-2018,2018-01-30,2018-01-31,1,,,https://www.asia-decs.com,Asia Defence Expo & Conference Series;Asia DECS;Undersea Defence Technology Asia 2018;UDT Asia 2018;Military Training and Simulation Asia 2018;MilSim Asia 2018;Electronic Warfare Singapore 2018;Maritime Defence Asia 2018
adecs-2019,2019-01-30,2019-01-31,1,,,https://www.asia-decs.com,Asia Defence Expo & Conference Series;Asia DECS;Undersea Defence Technology Asia 2019;UDT Asia 2019;Military Training and Simulation Asia 2019;MilSim Asia 2019;Electronic Warfare Singapore 2019;Maritime Defence Asia 2019
adecs-2020,2020-02-04,2020-02-05,1,,,https://www.asia-decs.com,Asia Defence Expo & Conference Series;Asia DECS;Undersea Defence Technology Asia 2020;UDT Asia 2020;Military Training and Simulation Asia 2020;MilSim Asia 2020;Electronic Warfare Singapore 2020;Maritime Defence Asia 2020
,,,,,,,
adex-2014,2014-09-11,2014-09-13,1,,,https://adex.az,1st Azerbaijan International Defence Exhibition
adex-2016,2016-09-27,2016-09-30,1,,,https://adex.az,2nd Azerbaijan International Defence Exhibition
adex-2018,2018-09-25,2018-09-27,1,,,https://adex.az,3rd Azerbaijan International Defence Exhibition
adex-2022,2022-09-06,2022-09-08,1,120,,https://adex.az/,4th Azerbaijan International Defence Exhibition
,,,,,,,
ads-2012,2012-09-25,2012-09-27,,,,http://www.adsshow.eu,ADS Show Europe 2012;Aero Defence Support Show 2012
ads-2014,2014-09-09,2014-09-11,,,,http://www.adsshow.eu,ADS Show Europe 2014;Aero Defence Support Show 2014
ads-2016,2016-09-28,2016-09-29,,,,http://www.adsshow.eu,ADS Show Europe 2016;Aero Defence Support Show 2016;World Military MRO Exhibition
ads-2018,2018-09-26,2018-09-27,,,,http://www.adsshow.eu,ADS Show Europe 2018;Aero Defence Support Show 2018
ads-2022,2022-09-29,2022-09-30,,,,http://www.adsshow.eu,ADS Show Europe 2022;Aero Defence Support Show 2022
,,,,,,,
aero-india-1996,1996-12-03,1996-12-07,,,,https://aeroindia.gov.in,
aero-india-1998,1998-12-08,1998-12-12,,,,https://aeroindia.gov.in,
aero-india-2001,2001-02-07,2001-02-11,,199,,http://aeroindia.gov.in/aero2001.asp,
aero-india-2003,2003-02-05,2003-02-09,,220,,http://aeroindia.gov.in/aero2003.asp,
aero-india-2005,2005-02-09,2005-02-13,,160,,https://aeroindia.gov.in,
aero-india-2007,2007-02-07,2007-02-11,,304,,https://aeroindia.gov.in,
aero-india-2009,2009-02-11,2009-02-15,,445,,https://aeroindia.gov.in,
aero-india-2011,2011-02-09,2011-02-13,,383,,https://aeroindia.gov.in,
aero-india-2013,2013-02-06,2013-02-10,,405,,https://aeroindia.gov.in,
aero-india-2015,2015-02-18,2015-02-22,,425,,https://aeroindia.gov.in,
aero-india-2017,2017-02-14,2017-02-18,,443,,https://aeroindia.gov.in,
aero-india-2019,2019-02-20,2019-02-24,,401,,https://aeroindia.gov.in,
aero-india-2021,2021-02-03,2021-02-07,,602,,https://aeroindia.gov.in,
,,,,,,,
aoc-europe-2015,2015-05-26,2015-05-28,1,41,,http://www.eweurope.com/,Association of Old Crows 2015;Electronic Warfare Europe 2015;EW Europe 2015
aoc-europe-2016,2016-05-10,2016-05-12,1,,,https://www.eweurope.com/,Association of Old Crows 2016;Electronic Warfare Europe 2016;EW Europe 2016
aoc-europe-2017,2017-05-06,2017-05-08,1,70,,https://www.eweurope.com/,Association of Old Crows 2017;Electronic Warfare Europe 2017;EW Europe 2017
aoc-europe-2018,2018-06-05,2018-06-07,1,,,https://www.eweurope.com/,Association of Old Crows 2018;Electronic Warfare Europe 2018;EW Europe 2018
aoc-europe-2019,2019-06-05,2019-06-07,1,,,https://www.eweurope.com/welcome,Association of Old Crows 2019;Electronic Warfare Europe 2019;EW Europe 2019
aoc-europe-2021,2021-10-11,2021-10-13,,66,,aoceurope.org,Association of Old Crows 2021;Electronic Warfare Europe 2021;EW Europe 2021
aoc-europe-2022,2022-05-10,2022-05-12,1,71,,aoceurope.org,Association of Old Crows 2022;Electronic Warfare Europe 2022;EW Europe 2022
,,,,,,,
asian-defense-security-2003,2003-09-25,2003-09-25,1,,,http://www.asiandefense.com,"Asian Defense Exhibition, Conference and Networking Event 2003"
asian-defense-security-2005,2005-11-02,2005-11-05,1,,,http://www.asiandefense.com,"Asian Defense Exhibition, Conference and Networking Event 2005"
asian-defense-security-2007,2007-11-07,2007-11-10,1,,,http://www.asiandefense.com,"Tri-Service Asian Defence And Internal Security Event For Land, Sea And Air 2007"
asian-defense-security-2009,2009-11-04,2009-11-07,1,,,http://www.asiandefense.com,"Tri-Service Asian Defence And Internal Security Event For Land, Sea And Air 2009"
asian-defense-security-2011,2011-11-02,2011-11-05,1,211,,http://www.asiandefense.com,"Tri-Service Asian Defence And Internal Security Event For Land, Sea And Air 2011"
asian-defense-security-2013,2013-11-04,2013-11-07,1,281,,http://www.asiandefense.com,"Tri-Service Asian Defence And Internal Security Event For Land, Sea And Air 2013"
asian-defense-security-2015,2015-11-02,2015-11-05,1,288,,http://www.asiandefense.com,"Tri-Service Asian Defence And Internal Security Event For Land, Sea And Air 2015"
asian-defense-security-2017,2017-11-06,2017-11-09,1,207,,http://www.asiandefense.com,"Tri-Service Asian Defense & Security Exhibition, Conference and Networking Event 2017"
asian-defense-security-2019,2019-11-18,2019-11-21,1,77,,http://www.asiandefense.com,"Tri-Service Asian Defense & Security Exhibition, Conference and Networking Event 2019"
asian-defense-security-2022,2022-08-08,2022-09-01,1,,,http://www.asiandefense.com,"Tri-Service Asian Defense & Security Exhibition, Conference and Networking Event 2022"
,,,,,,,
avalon-2009,2009-03-10,2009-03-15,2,,,https://www.airshow.com.au,Australian International Aerospace & Defence Exposition 2009
avalon-2011,2011-03-01,2011-03-06,2,,,https://www.airshow.com.au,Australian International Aerospace & Defence Exposition 2011
avalon-2013,2013-02-26,2013-03-01,2,599,,https://www.airshow.com.au,Australian International Aerospace & Defence Exposition 2013
avalon-2015,2015-02-24,2015-03-01,2,491,,https://www.airshow.com.au,Australian International Aerospace & Defence Exposition
avalon-2017,2017-02-28,2017-03-05,1,641,,https://www.airshow.com.au,
avalon-2019,2019-02-26,2019-03-03,,562,,https://www.airshow.com.au,
avalon-2023,2023-02-28,2023-03-05,1,,,https://www.airshow.com.au,Australian International Aerospace & Defence Exposition
,,,,,,,
bias-2010,2010-01-21,2010-01-23,,,,http://www.bahraininternationalairshow.com,Bahrain International Airshow 2010
bias-2012,2012-01-19,2012-01-21,,,,http://www.bahraininternationalairshow.com,Bahrain International Airshow 2012
bias-2014,2014-01-16,2014-01-18,3,42,,http://www.bahraininternationalairshow.com,Bahrain International Airshow 2014
bias-2016,2016-01-21,2016-01-23,3,123,,http://www.bahraininternationalairshow.com,Bahrain International Airshow 2016
bias-2018,2018-11-14,2018-11-16,3,123,,http://www.bahraininternationalairshow.com,Bahrain International Airshow 2018
bias-2022,2022-11-09,2022-11-11,3,,,http://www.bahraininternationalairshow.com,Bahrain International Airshow 2022
,,,,,,,
bidec-2017,2017-10-16,2017-10-18,1,182,,https://www.bahraindefence.com,Bahrain International Defence Exhibition & Conference 2017
bidec-2019,2019-10-28,2019-10-30,1,125,,https://www.bahraindefence.com,Bahrain International Defence Exhibition & Conference 2019
,,,,,,,
cansec-2005,2005-04-14,2005-04-15,1,155,,https://www.defenceandsecurity.ca,
cansec-2006,2006-04-05,2006-04-06,1,,,https://www.defenceandsecurity.ca,
cansec-2007,2007-04-11,2007-04-12,1,188,,http://www.defenceandsecurity.ca/cansec2007/,
cansec-2008,2008-04-09,2008-04-10,1,,,https://www.defenceandsecurity.ca,
cansec-2009,2009-05-27,2009-05-28,1,,,https://www.defenceandsecurity.ca,
cansec-2010,2010-06-02,2010-06-03,1,,,https://www.defenceandsecurity.ca/index.php?action=cms.goCansec,
cansec-2011,2011-06-01,2011-06-02,1,,,https://www.defenceandsecurity.ca/index.php?action=cansec2011.exhibitors,
cansec-2012,2012-05-30,2012-05-31,1,,,https://www.defenceandsecurity.ca/index.php?action=events.details&evtID=219,
cansec-2013,2013-05-29,2013-05-30,1,,,https://www.defenceandsecurity.ca,
cansec-2014,2014-05-28,2014-05-29,1,,,https://www.defenceandsecurity.ca/CANSEC/,
cansec-2015,2015-05-30,2015-05-31,1,332,,https://www.defenceandsecurity.ca/index.php?action=events.details&evtID=273,
cansec-2016,2016-05-25,2016-05-26,1,314,,https://www.defenceandsecurity.ca/CANSEC/,
cansec-2017,2017-05-31,2017-06-01,1,273,,https://www.defenceandsecurity.ca/CANSEC/,
cansec-2018,2018-05-30,2018-05-31,1,308,,https://www.defenceandsecurity.ca/CANSEC/,
cansec-2019,2019-05-29,2019-05-30,1,218,,https://www.defenceandsecurity.ca/CANSEC/,
cansec-2022,2022-06-01,2022-06-02,1,206,,https://www.defenceandsecurity.ca/CANSEC/,
,,,,,,,
ctx-2009,2009-02-10,2009-02-11,,,,http://www.counterterrorexpo.com,Counter Terror Expo 2009
ctx-2010,2010-04-14,2010-04-15,,,,https://www.counterterrorexpo.com/,Counter Terror Expo 2010
ctx-2011,2011-04-19,2011-04-20,,,,https://www.counterterrorexpo.com/,Counter Terror Expo 2011
ctx-2012,2012-04-25,2012-04-26,,389,,https://www.counterterrorexpo.com/,Counter Terror Expo 2012
ctx-2013,2013-04-24,2013-04-25,,288,,https://www.counterterrorexpo.com/,Counter Terror Expo 2013
ctx-2014,2014-04-29,2014-04-30,1,,,https://www.counterterrorexpo.com/,Counter Terror Expo 2014
ctx-2015,2015-04-21,2015-04-22,1,282,,https://www.counterterrorexpo.com/,Counter Terror Expo 2015
ctx-2016,2016-04-19,2016-04-20,1,255,,https://www.counterterrorexpo.com/,Counter Terror Expo 2016
ctx-2017,2017-05-03,2017-05-04,1,86,,https://www.counterterrorexpo.com/,Security & Counter Terror Expo 2017;SCTX 2017
ctx-2018,2018-03-06,2018-03-07,1,280,,https://www.counterterrorexpo.com/,Security & Counter Terror Expo 2018;SCTX 2018
ctx-2019,2019-03-05,2019-03-06,1,198,,https://www.counterterrorexpo.com/,Security & Counter Terror Expo 2019;SCTX 2019
ctx-2021,2021-09-14,2021-09-16,1,,,https://ctexpo.co.uk,Counter Terror Expo 2021
ctx-2022,2022-06-08,2022-06-09,1,,,https://ctexpo.co.uk,Counter Terror Expo 2022
,,,,,,,
defexpo-india-2010,2010-02-15,2010-02-18,1,453,,http://defexpoindia.in,"Land, Naval & Internal Security Systems Exhibition"
defexpo-india-2012,2012-03-29,2012-04-01,1,,13,http://defexpoindia.in,"Land, Naval & Internal Security Systems Exhibition"
defexpo-india-2014,2014-02-06,2014-02-09,1,,38,http://defexpoindia.in,"Land, Naval & Internal Homeland Security Systems Exhibition"
defexpo-india-2016,2016-03-28,2016-03-31,1,1038,,http://defexpoindia.in,"Land, Naval & Internal Homeland Security Systems Exhibition"
defexpo-india-2018,2018-04-11,2018-04-14,1,412,,http://www.defexpoindia.in,"Land, Naval & Internal Homeland Security Systems Exhibition"
defexpo-india-2020,2020-02-05,2020-02-09,1,1028,,https://defexpo.gov.in,
defexpo-india-2022,2022-03-10,2022-03-13,1,421,,https://defexpo.gov.in,
,,,,,,,
dimdex-2008,2008-03-17,2008-03-19,3,,,http://www.dimdex.com,Doha International Maritime Defence Exhibition and Conference 2008
dimdex-2010,2010-03-29,2010-03-31,3,,,http://www.dimdex.com,Doha International Maritime Defence Exhibition and Conference 2010
dimdex-2012,2012-03-26,2012-03-28,2,163,,http://www.dimdex.com,Doha International Maritime Defence Exhibition and Conference 2012
dimdex-2014,2014-03-25,2014-03-27,2,178,,http://www.dimdex.com,Doha International Maritime Defence Exhibition and Conference 2014
dimdex-2016,2016-03-29,2016-03-31,1,143,50,http://www.dimdex.com,Doha International Maritime Defence Exhibition and Conference 2016
dimdex-2018,2018-03-12,2018-03-14,1,146,,http://www.dimdex.com,Doha International Maritime Defence Exhibition and Conference 2018
dimdex-2022,2022-03-21,2022-03-23,1,154,83,http://www.dimdex.com,Doha International Maritime Defence Exhibition and Conference 2022
,,,,,,,
dprte-2013,2013-11-20,2013-11-20,1,99,,http://www.dprte.co.uk,"Defence Procurement, Research, Technology & Exportability 2013"
dprte-2014,2014-10-08,2014-10-08,1,102,,http://www.dprte.co.uk,"Defence Procurement, Research, Technology & Exportability 2014"
dprte-2016,2016-03-16,2016-03-16,1,128,,http://www.dprte.co.uk,"Defence Procurement, Research, Technology & Exportability 2016"
dprte-2017,2017-03-28,2017-03-28,1,115,,http://www.dprte.co.uk,"Defence Procurement, Research, Technology & Exportability 2017"
dprte-2018,2018-03-27,2018-03-27,1,84,,http://www.dprte.co.uk,"Defence Procurement, Research, Technology & Exportability 2018"
dprte-2019,2019-03-28,2019-03-28,1,113,,http://www.dprte.co.uk,"Defence Procurement, Research, Technology & Exportability 2019"
dprte-2020,2020-09-03,2020-09-03,1,127,,http://www.dprte.co.uk,"Defence Procurement, Research, Technology & Exportability 2020"
dprte-2021,2021-10-05,2021-10-05,1,99,,https://www.dprte.co.uk,"Defence Procurement, Research, Technology & Exportability 2021"
dprte-2022,2022-05-05,2022-05-05,,61,,https://www.dprte.co.uk,"Defence Procurement, Research, Technology & Exportability 2021"
,,,,,,,
dsa-2004,2004-04-12,2004-04-15,,333,17,http://www.dsa2004.com,9th Defence Services Asia Exhibition and Conference
dsa-2006,2006-04-24,2006-04-27,2,509,,http://www.dsaexhibition.com,10th Defence Services Asia Exhibition and Conference
dsa-2008,2008-04-21,2008-04-24,2,712,50,http://www.dsaexhibition.com,11th Defence Services Asia Exhibition and Conference
dsa-2010,2010-04-19,2010-04-22,1,830,,http://www.dsaexhibition.com,12th Defence Services Asia Exhibition and Conference
dsa-2012,2012-04-16,2012-04-19,1,828,,http://www.dsaexhibition.com,13th Defence Services Asia Exhibition and Conference
dsa-2014,2014-04-14,2014-04-17,2,832,,http://www.dsaexhibition.com,14th Defence Services Asia Exhibition and Conference
dsa-2016,2016-04-18,2016-04-21,4,640,,http://www.dsaexhibition.com,18th Defence Services Asia Exhibition and Conference
dsa-2018,2018-04-16,2018-04-19,4,1075,,http://www.dsaexhibition.com,16th Defence Services Asia Exhibition and Conference
dsa-2022,2022-03-28,2022-03-31,1,625,,http://www.dsaexhibition.com,17th Defence Services Asia Exhibition and Conference;NATSEC Asia 2022
,,,,,,,
dsei-1999,1999-09-14,1999-09-17,2,888,61,http://www.dsei.co.uk,Defence and Systems Equipment International 1999
dsei-2001,2001-09-11,2001-09-14,2,308,52,http://www.dsei.co.uk,Defence and Systems Equipment International 2001
dsei-2003,2003-09-09,2003-09-12,2,144,61,http://www.dsei.co.uk,Defence and Systems Equipment International 2003
dsei-2005,2005-09-13,2005-09-16,2,1202,61,http://www.dsei.co.uk,Defence and Systems Equipment International 2005
dsei-2007,2007-09-11,2007-09-14,2,1003,59,http://www.dsei.co.uk,Defence and Systems Equipment International 2007
dsei-2009,2009-09-08,2009-09-11,2,1249,59,http://www.dsei.co.uk,Defence and Security Equipment International 2009
dsei-2011,2011-09-13,2011-09-16,2,1198,65,http://www.dsei.co.uk,Defence and Security Equipment International 2011
dsei-2013,2013-09-10,2013-09-13,2,1437,69,http://www.dsei.co.uk,Defence and Security Equipment International 2013
dsei-2015,2015-09-15,2015-09-18,2,1489,61,http://www.dsei.co.uk,Defence and Security Equipment International 2013
dsei-2017,2017-09-12,2017-09-15,2,1590,56,http://www.dsei.co.uk,Defence and Security Equipment International 2013
dsei-2019,2019-09-10,2019-09-13,2,2192,68,http://www.dsei.co.uk,Defence and Security Equipment International 2019
dsei-2021,2021-09-14,2021-09-17,2,805,,https://www.dsei.co.uk,Defence and Security Equipment International 2021
dsei-2023,2023-09-12,2023-09-15,2,,,https://www.dsei.co.uk,Defence and Security Equipment International 2023
,,,,,,,
dubai-airshow-2001,2001-11-04,2001-11-08,,,,http://www.dubaiairshow.org,
dubai-airshow-2003,2003-11-07,2003-11-11,1,538,,http://www.dubaiairshow.org,
dubai-airshow-2005,2005-11-20,2005-11-24,1,737,,http://www.fairs-exhibs.com/airshow05/,
dubai-airshow-2007,2007-11-11,2007-11-14,1,826,,http://www.dubaiairshow.org,
dubai-airshow-2009,2009-11-15,2009-11-19,2,657,,https://www.dubaiairshow.aero,
dubai-airshow-2011,2011-11-13,2011-11-17,1,870,,https://www.dubaiairshow.aero,
dubai-airshow-2013,2013-11-17,2013-11-21,1,1041,,https://www.dubaiairshow.aero,
dubai-airshow-2015,2015-11-08,2015-11-12,1,822,,https://www.dubaiairshow.aero,
dubai-airshow-2017,2017-11-12,2017-11-16,1,461,,https://www.dubaiairshow.aero,
dubai-airshow-2019,2019-11-17,2019-11-21,1,1199,,https://www.dubaiairshow.aero,
dubai-airshow-2021,2021-11-14,2021-11-18,1,844,,https://www.dubaiairshow.aero,
dubai-airshow-2023,2023-11-12,2023-11-16,1,,,https://www.dubaiairshow.aero,
,,,,,,,
dx-korea-2020,2020-11-18,2020-11-20,,100,,http://www.dxkorea.org,Defense Expo Korea 2020;Defense & Security Expo Korea 2020
dx-korea-2022,2022-09-21,2022-09-25,4,,,http://www.dxkorea.org,Defense Expo Korea 2022
,,,,,,,
edex-2018,2018-12-03,2018-12-05,1,279,,https://www.egyptdefenceexpo.com,Egypt Defence Expo 2018
edex-2021,2021-11-29,2021-12-02,1,344,,https://www.egyptdefenceexpo.com,Egypt Defence Expo 2021
edex-2023,2023-12-04,2023-12-07,1,,,https://www.egyptdefenceexpo.com,Egypt Defence Expo 2023
,,,,,,,
eurosatory-2000,2000-06-19,2000-06-23,,832,,http://www.eurosatory.com,
eurosatory-2002,2002-06-17,2002-06-21,,,,http://www.eurosatory.com,
eurosatory-2004,2004-06-14,2004-06-18,1,965,,http://www.eurosatory.com,International Military International Exhibition for Land and Land-air Defence
eurosatory-2006,2006-06-16,2006-06-20,2,,71,http://www.eurosatory.com,
eurosatory-2008,2008-06-16,2008-06-20,2,1156,102,http://www.eurosatory.com,
eurosatory-2010,2010-06-14,2010-06-18,,1313,,http://www.eurosatory.com,
eurosatory-2012,2012-06-11,2012-06-15,2,1450,,http://www.eurosatory.com,
eurosatory-2014,2014-06-16,2014-06-20,2,1205,104,http://www.eurosatory.com,
eurosatory-2016,2016-07-13,2016-07-17,2,1549,89,http://www.eurosatory.com,
eurosatory-2018,2018-06-11,2018-06-15,3,1761,,http://www.eurosatory.com,
eurosatory-2022,2022-07-13,2022-07-17,2,1173,,http://www.eurosatory.com,
,,,,,,,
farnborough-2000,2000-07-24,2000-07-30,,1319,,http://www.farnborough.com,Farnborough International Airshow 2000;FIA 2000
farnborough-2002,2002-07-22,2002-07-28,,1259,,http://www.farnborough.com,Farnborough International Airshow 2002;FIA 2002
farnborough-2004,2004-07-19,2004-07-25,,1368,44,http://www.farnborough.com,Farnborough International Airshow 2004;FIA 2004
farnborough-2006,2006-07-17,2006-07-23,,1487,44,http://www.farnborough.com,Farnborough International Airshow 2006;FIA 2006
farnborough-2008,2008-07-14,2008-07-20,,,,http://www.farnborough.com,Farnborough International Airshow 2008;FIA 2008
farnborough-2010,2010-07-19,2010-07-25,,1236,37,http://www.farnborough.com,Farnborough International Airshow 2010;FIA 2010
farnborough-2012,2012-07-09,2012-07-13,,1309,39,http://www.farnborough.com,Farnborough International Airshow 2012;FIA 2012
farnborough-2014,2014-07-19,2014-07-20,,1213,40,http://www.farnborough.com,Farnborough International Airshow 2014;FIA 2014
farnborough-2016,2016-07-11,2016-07-17,,1222,41,http://www.farnborough.com,Farnborough International Airshow 2016;FIA 2016
farnborough-2018,2018-07-16,2018-07-22,,1482,60,https://www.farnboroughairshow.com/,Farnborough International Airshow 2018;FIA 2018
farnborough-2022,2022-07-18,2022-07-22,,716,,https://www.farnboroughairshow.com/,Farnborough International Airshow 2022;FIA 2022
,,,,,,,
feindef-2019,2019-05-29,2019-05-31,1,145,32,https://www.feindef.com/,
feindef-2021,2021-11-03,2021-11-05,,113,,http://feindef.com/,
feindef-2023,2023-05-17,2023-05-19,,,,http://feindef.com/,
,,,,,,,
fidae-1980,1980-03-21,1980-03-30,,,,http://www.fidaegroup.cl/fida-1980,FIDA;Feria Internacional del Aire
fidae-1982,1982-03-05,1982-03-14,,,,http://www.fidaegroup.cl/fida-1982/,FIDA;Feria Internacional del Aire
fidae-1984,1984-03-03,1984-03-10,,,,http://www.fidaegroup.cl/fida-1984,FIDA;Feria Internacional del Aire
fidae-1986,1986-03-09,1986-03-16,,,,http://www.fidaegroup.cl/fida-1986/,FIDA;Feria Internacional del Aire
fidae-1988,1988-03-14,1988-03-20,,,,http://www.fidaegroup.cl/fida-1988,FIDA;Feria Internacional del Aire
fidae-1990,1990-03-25,1990-04-01,,,,http://www.fidaegroup.cl/fidae-1990/,Feria Internacional del Aire y del Espacio
fidae-1992,1992-03-08,1992-03-15,,,,http://www.fidaegroup.cl/fidae-1992 https://www.chilecollector.com/archwebfila03/archwebstamp1500/stampset1565.html,Feria Internacional del Aire y del Espacio
fidae-1994,1994-03-20,1994-03-27,,,,http://www.fidaegroup.cl/fidae-1994,Feria Internacional del Aire y del Espacio
fidae-1996,1996-03-10,1996-03-17,,,,http://www.fidaegroup.cl/fidae-1996,Feria Internacional del Aire y del Espacio
fidae-1998,1998-03-23,1998-03-29,,,,http://www.fidaegroup.cl/fidae-1998/,Feria Internacional del Aire y del Espacio
fidae-2000,2000-03-27,2000-04-03,1,,,http://www.fidaegroup.cl/fidae-2000,Feria Internacional del Aire y del Espacio
fidae-2002,2002-04-01,2002-04-07,,223,,http://www.fidaegroup.cl/fidae-2002,Feria Internacional del Aire y del Espacio
fidae-2004,2004-09-29,2004-10-04,,248,,http://www.fidae.cl/form/boletin2.pdf,Feria Internacional del Aire y del Espacio
fidae-2006,2006-03-27,2006-04-02,,387,,http://fidae.cl/ http://www.fidaegroup.cl/fidae-2006/,Feria Internacional del Aire y del Espacio
fidae-2008,2008-03-31,2008-04-06,,429,,http://fidae.cl/ http://www.fidaegroup.cl/fidae-2008/,Feria Internacional del Aire y del Espacio
fidae-2010,2010-03-23,2010-03-28,,,,http://www.fidae.cl/portal_fidae.aspx http://www.fidaegroup.cl/fidae-2010,Feria Internacional del Aire y del Espacio
fidae-2012,2012-03-27,2012-04-01,,,,http://fidae.cl/portal_fidae.aspx http://www.fidaegroup.cl/fidae-2012,Feria Internacional del Aire y del Espacio
fidae-2014,2014-03-25,2014-03-30,,,,http://www.fidae.cl/es/web/exhibicion-comercial http://www.fidaegroup.cl/fidae-2014/,Feria Internacional del Aire y del Espacio
fidae-2016,2016-03-29,2016-04-03,,236,,http://www.fidae.cl/,Feria Internacional del Aire y del Espacio
fidae-2018,2018-04-03,2018-04-08,,454,,https://www.fidae.cl,
fidae-2022,2022-04-05,2022-04-10,1,415,,https://www.fidae.cl,
,,,,,,,
gda-2011,2011-12-12,2011-12-14,2,113,,https://www.gulfdefense.com/,1st Gulf Defense & Aerospace
gda-2013,2013-12-10,2013-12-12,2,85,,https://www.gulfdefense.com/,2nd Gulf Defense & Aerospace
gda-2015,2015-12-08,2015-12-10,2,,,https://www.gulfdefense.com/,3rd Gulf Defense & Aerospace
gda-2017,2017-12-12,2017-12-14,2,96,,https://www.gulfdefense.com/,4th Gulf Defense & Aerospace
gda-2019,2019-12-10,2019-12-12,2,190,,https://www.gulfdefense.com/,5th Gulf Defense & Aerospace
gda-2023,2023-12-05,2023-12-07,2,,,https://www.gulfdefense.com/,6th Gulf Defense & Aerospace
,,,,,,,
gis-2013,2013-07-16,2013-07-17,2,,,http://www.gisfarnborough.com/,Global Intelligent Systems 2013
,,,,,,,
iavs-2008,2008-01-22,2009-01-25,2,20,,http://www.site-members.com/lavsite/index.html,Light & Medium Armoured Vehicles 2008;International Armoured Vehicles 2008
iavs-2009,2009-02-02,2009-02-06,2,30,,http://www.site-members.com/LAV/index.php,Light & Medium Armoured Vehicles 2009;International Armoured Vehicles 2009
iavs-2010,2010-02-01,2010-02-05,1,31,,http://www.internationalarmouredvehicles.com,International Armoured Vehicles 2010
iavs-2011,2011-02-07,2011-02-11,1,84,,http://www.internationalarmouredvehicles.com,International Armoured Vehicles 2011
iavs-2012,2012-02-20,2012-02-23,2,56,,http://www.internationalarmouredvehicles.com http://internationalarmouredvehicles.wordpress.com,International Armoured Vehicles 2012
iavs-2013,2013-02-05,2013-02-08,2,46,,http://www.internationalarmouredvehicles.com http://internationalarmouredvehicles.wordpress.com,International Armoured Vehicles 2013
iavs-2014,2014-02-20,2014-02-23,2,13,,http://www.internationalarmouredvehicles.com http://internationalarmouredvehicles.wordpress.com,International Armoured Vehicles 2014
iavs-2015,2015-02-20,2015-02-23,2,34,,http://www.internationalarmouredvehicles.com http://internationalarmouredvehicles.wordpress.com,International Armoured Vehicles 2015
iavs-2016,2016-02-20,2016-02-23,2,44,,http://www.internationalarmouredvehicles.com,International Armoured Vehicles 2016
iavs-2017,2017-01-23,2017-01-26,2,194,,http://www.internationalarmouredvehicles.com,International Armoured Vehicles 2017
iavs-2018,2018-01-22,2018-01-25,2,56,,http://www.internationalarmouredvehicles.com,International Armoured Vehicles 2018
iavs-2019,2019-01-21,2019-01-24,2,59,,https://www.internationalarmouredvehicles.com,International Armoured Vehicles 2019
iavs-2020,2020-01-20,2020-01-23,2,249,46,https://www.internationalarmouredvehicles.com,International Armoured Vehicles 2020
iavs-2022,2022-01-24,2022-01-27,1,49,,https://www.defenceiq.com/events-internationalarmouredvehicles,International Armoured Vehicles Conference 2022
,,,,,,,
iavusa-2019,2019-06-25,2019-05-27,2,29,,https://www.internationalarmoredvehiclesusa.iqpc.com,International Armored Vehicles USA 2019
,,,,,,,
ideas-2002,2002-09-17,2002-09-20,,,,https://sweetneha.wordpress.com/2009/07/14/ideas-2002-defence-exhibition/,2nd International Defence Exhibition & Seminar
ideas-2004,2004-11-14,2004-11-14,,,,http://ideaspakistan.gov.pk/2000_2008.php,3rd International Defence Exhibition & Seminar
ideas-2006,2006-11-20,2006-11-24,,,,http://ideaspakistan.gov.pk/2000_2008.php,4th International Defence Exhibition & Seminar
ideas-2008,2008-11-24,2008-11-28,1,,,http://www.ideaspakistan.gov.pk/home.htm,5th International Defence Exhibition & Seminar
ideas-2014,2014-12-01,2014-12-04,1,,,http://ideaspakistan.gov.pk/download.php,8th International Defence Exhibition & Seminar
ideas-2016,2016-11-22,2016-11-25,1,159,,http://ideaspakistan.gov.pk/,9th International Defence Exhibition & Seminar
ideas-2018,2018-11-27,2018-11-30,1,203,,http://www.ideaspakistan.gov.pk/,10th International Defence Exhibition & Seminar
ideas-2022,2022-11-15,2022-11-18,1,,,http://ideaspakistan.gov.pk/,11th International Defence Exhibition & Seminar
,,,,,,,
idef-2021,2021-08-17,2021-08-20,,447,,https://idef.com.tr/en/,International Defense Industry Fair
,,,,,,,
idet-1997,1997-05-06,1997-05-08,,,,http://carolina.cuni.cz/archive-en/Carolina-E-No-246.txt,International Defence and Security Technologies Fair
idet-1999,1999-05-04,1999-05-06,,,,https://www.researchgate.net/publication/330677905_SELECTION_AND_PERFORMANCE_OF_HYBRID_PROPELLANT_PROPULSION_SYSTEM,International Defence and Security Technologies Fair
idet-2001,2001-05-09,2001-05-11,,,,http://www.idet.cz/english/,International Defence and Security Technologies Fair;6th International Exhibition of Defence and Security Technologies and Special Information Systems
idet-2003,2003-04-28,2003-04-30,,283,,http://www.idet.cz/english/,International Defence and Security Technologies Fair
idet-2005,2005-05-03,2005-05-05,1,,,http://online.idet.cz/,International Defence and Security Technologies Fair
idet-2007,2007-05-02,2007-05-04,1,,,http://www.bvv.cz/idet-gb,International Defence and Security Technologies Fair
idet-2009,2009-05-05,2009-05-07,1,302,,http://www.bvv.cz/idet-gb,International Defence and Security Technologies Fair
idet-2011,2011-05-10,2011-05-13,1,,,http://www.bvv.cz/en/idet/idet-2011/,International Defence and Security Technologies Fair
idet-2013,2013-05-22,2013-05-24,1,,,http://www.bvv.cz/en/idet/,International Defence and Security Technologies Fair
idet-2015,2015-05-19,2015-05-21,1,393,,https://www.bvv.cz/en/idet/,International Defence and Security Technologies Fair
idet-2017,2017-05-31,2017-06-02,1,180,,https://www.bvv.cz/en/idet/,International Defence and Security Technologies Fair
idet-2019,2019-05-29,2019-05-31,1,174,,https://www.bvv.cz/en/idet/,International Defence and Security Technologies Fair
idet-2021,2021-10-06,2021-10-08,1,140,,https://m.bvv.cz/en/idet/,International Defence and Security Technologies Fair
idet-2023,2023-05-24,2023-05-26,1,,,https://www.bvv.cz/en/idet/,International Defence and Security Technologies Fair
,,,,,,,
idex-2021,2021-02-19,2021-02-23,,832,,idexuae.ae,International Defence Exhibition and Conference
idex-2023,2023-02-20,2023-02-24,2,,,https://www.idexuae.ae/,International Defence Exhibition and Conference
,,,,,,,
ifsec-bangladesh-2019,2019-04-18,2019-04-20,2,,,https://www.ifsec.events/bangladesh/,International Fire Security Exhibition and Conference Bangladesh
,,,,,,,
ifsec-india-2007,2007-10-25,2007-10-27,2,168,,http://www.ifsecindia.com/,Internal Security India;Counter Terror India Conference
ifsec-india-2008,2008-10-16,2008-10-18,1,165,,http://www.ifsecindia.com/,
ifsec-india-2009,2009-11-23,2009-11-25,1,201,,http://ifsecindia.com/,Internal Security India;Counter Terror India Conference
ifsec-india-2010,2010-11-23,2010-11-25,1,215,,http://ifsecindia.com/,Homeland Security India 2010
ifsec-india-2011,2011-11-08,2011-11-10,1,218,,http://www.ifsecindia.com/Home.aspx?refer=1,Homeland Security India 2011
ifsec-india-2012,2012-11-01,2012-11-03,1,198,,http://www.ifsecindia.com/Home.aspx?refer=1,Homeland Security India 2012
ifsec-india-2013,2013-12-05,2013-12-07,1,119,,http://www.ifsecindia.com/Home.aspx?refer=1,
ifsec-india-2014,2014-12-11,2014-12-13,1,68,,http://www.ubmindia.in/ifsec_india/home,
ifsec-india-2015,2015-12-10,2015-12-12,1,139,,http://www.ubmindia.in/ifsec_india/home,
ifsec-india-2016,2016-12-08,2016-12-10,1,102,,https://www.ifsec.events/india/,
ifsec-india-2017,2017-12-19,2017-12-21,1,165,,https://www.ifsec.events/india/,
ifsec-india-2018,2018-12-05,2018-12-07,1,,,https://www.ifsec.events/india/,International Fire & Security Exhibition and Conference India
ifsec-india-2019,2019-12-19,2019-12-21,1,164,,https://www.ifsec.events/india/,
ifsec-india-2020,2020-09-17,2020-09-18,1,,,https://www.ifsec.events/india/eform/submit/book-a-stand,
ifsec-india-2021,2021-12-09,2021-12-11,1,,,https://www.ifsec.events/india/,
ifsec-india-2022,2022-12-01,2022-12-03,1,,,https://www.ifsec.events/india/,
,,,,,,,
ifsec-international-1999,1999-05-10,1999-05-13,1,155,,http://www.ifsec.co.uk/prev/,
ifsec-international-2000,2000-05-08,2000-05-11,1,493,,http://www.ifsec.co.uk/ http://www.ifsec.co.uk/7/,
ifsec-international-2001,2001-05-22,2001-05-24,1,,,http://www.ifsec.co.uk,
ifsec-international-2002,2002-05-13,2002-05-16,1,599,,http://www.ifsec.co.uk/v1.shtml,
ifsec-international-2003,2003-05-19,2003-05-22,1,366,,http://www.ifsec.co.uk/,
ifsec-international-2004,2004-05-10,2004-05-13,1,,,http://www.ifsec.co.uk/2004/index.shtml,
ifsec-international-2005,2005-05-17,2005-05-19,1,498,,http://www.ifsec.co.uk/index.asp,
ifsec-international-2006,2006-05-08,2006-05-11,1,782,,http://www.ifsec.co.uk/,
ifsec-international-2007,2007-05-21,2007-05-24,1,861,,http://www.ifsec.co.uk/page.cfm/Link=1/t=m/goSection=1,
ifsec-international-2008,2008-05-12,2008-05-15,1,887,,http://www.ifsec.co.uk//,
ifsec-international-2009,2009-05-11,2009-05-14,1,676,,http://www.ifsec.co.uk/index.html,
ifsec-international-2010,2010-05-10,2010-05-13,1,,,http://www.ifsec.co.uk/,
ifsec-international-2011,2011-05-16,2011-05-19,1,443,,http://www.ifsec.co.uk/,
ifsec-international-2012,2012-05-14,2012-05-17,1,,,http://www.ifsec.co.uk/,
ifsec-international-2013,2013-06-13,2013-06-16,1,,,http://www.ifsec.co.uk,
ifsec-international-2014,2014-06-17,2014-06-19,1,,,http://www.ifsec.co.uk/page.cfm/link=429/ID=429/seourl=Content/Visit/gosection=3,
ifsec-international-2015,2015-05-16,2015-05-18,1,528,,http://www.ifsec.co.uk/,
ifsec-international-2016,2016-06-21,2016-06-23,1,430,,http://www.ifsec.co.uk/,
ifsec-international-2017,2017-06-20,2017-06-22,1,522,,http://www.ifsec.events/international/,
ifsec-international-2018,2018-06-19,2018-06-21,1,518,,https://www.ifsec.events/international/,
ifsec-international-2019,2019-06-18,2019-06-20,1,206,,https://www.ifsec.events/international/,
ifsec-international-2020,2020-09-08,2020-09-10,1,230,,https://www.ifsec.events/international/,
ifsec-international-2021,2021-07-12,2021-07-14,1,42,,https://www.ifsecglobal.com/event/en/home.html,
ifsec-international-2022,2022-05-17,2022-05-19,1,486,,https://exhibitors.ifsecglobal.com/,
,,,,,,,
ifsec-istanbul-2014,2014-05-22,2014-05-23,1,,,http://www.ifsec-istanbul.com/,
ifsec-istanbul-2015,2015-05-22,2015-05-23,1,,,http://www.ifsec-istanbul.com/page.cfm/ID=1,
,,,,,,,
ifsec-osh-arabia-2014,2014-11-02,2014-11-04,1,,,http://www.ifsec-osh-arabia.com/page.cfm/ID=1,
,,,,,,,
ifsec-philippines-2017,2017-05-03,2017-05-05,1,53,,http://www.ifsec.events/philippines/,
ifsec-philippines-2018,2018-05-30,2018-06-01,1,40,,https://www.ifsec.events/philippines/,
ifsec-philippines-2019,2019-06-13,2019-06-15,1,,,https://www.ifsec.events/philippines/,
,,,,,,,
ifsec-southeast-asia-2013,2013-09-11,2013-09-13,1,235,,http://ifsecsea.com/,
ifsec-southeast-asia-2014,2014-09-03,2014-09-05,1,319,,http://www.ifsecsea.com/,
ifsec-southeast-asia-2015,2015-09-02,2015-09-04,1,286,,http://www.ifsecsea.com/,
ifsec-southeast-asia-2016,2016-09-07,2016-09-09,1,64,,http://www.ifsec.events/sea,IFSEC SEA
ifsec-southeast-asia-2017,2017-09-06,2017-09-08,1,51,,http://www.ifsec.events/sea/,IFSEC SEA
ifsec-southeast-asia-2018,2018-10-25,2018-10-27,1,16,,https://www.ifsec.events/sea/,IFSEC SEA
ifsec-southeast-asia-2021,2021-11-01,2021-11-30,1,,,https://www.ifsecsea.com/en/home.html,IFSEC SEA;ASEAN Super 8
,,,,,,,
isdef-2022,2022-03-21,2022-03-23,,77,16,https://isdefexpo.com,Defence and Security Equipment International 2022
,,,,,,,
laad-1997,1997-04-22,1997-04-25,,,,http://www.ipsnews.net/1997/04/latin-america-the-arms-race-under-starters-orders/,LAD 97;1ª Latin America Defentech
laad-1999,1999-04-13,1999-04-16,,,,https://istoe.com.br/30215_O+FEIRAO+DAS+ARMAS/,LAD 99;2ª Latin America Defentech
laad-2001,2001-04-24,2001-04-27,2,160,31,http://www.laadexpo.com/lad2001.php,LAD;3ª Latin America Defentech
laad-2003,2003-04-22,2003-04-25,2,,,http://www.laadexpo.com/index.php?area=home,LAD;4ª Latin America Defentech
laad-2005,2005-04-26,2005-04-29,2,152,,http://www.laadexpo.com/,Latin America Aero & and Defence
laad-2007,2007-04-17,2007-04-20,1,265,43,http://laadexpo.com/2009/relatorio_poseventos.asp,Latin America Aerospace and Defence;LAAD Defence & Security;6ª Feira Internacional de Defesa e Segurança
laad-2009,2009-04-09,2009-04-12,1,336,,http://www.laadexpo.com/,Latin America Aerospace and Defence;LAAD Defence & Security;7ª Feira Internacional de Defesa e Segurança
laad-2011,2011-04-09,2011-04-12,1,1371,,http://www.laadexpo.com/,Latin America Aerospace and Defence;LAAD Defence & Security;8ª Feira Internacional de Defesa e Segurança
laad-2013,2013-04-09,2013-04-12,1,719,59,https://www.laadexpo.com.br/,Latin America Aerospace and Defence;LAAD Defence & Security;9ª Feira Internacional de Defesa e Segurança
laad-2015,2015-04-14,2015-04-17,1,670,,http://www.laadexpo.com.br/2015/,Latin America Aerospace and Defence;LAAD Defence & Security
laad-2017,2017-04-04,2017-04-07,1,440,,https://www.laadexpo.com.br,Latin America Aerospace and Defence;LAAD Defence & Security
laad-2019,2019-04-02,2019-04-05,1,373,,https://www.laadexpo.com.br,Latin America Aerospace and Defence;LAAD Defence & Security
laad-2023,2023-04-11,2023-04-14,1,,,https://www.laadexpo.com.br,Latin America Aerospace and Defence;LAAD Defence & Security
,,,,,,,
laad-security-2012,2012-04-10,2012-04-12,1,151,,http://www.laadsecurity.com/#,Feira Internacional de Segurança Pública e Corporativa
laad-security-2014,2014-04-08,2014-04-09,1,160,,http://www.laadsecurity.com.br/,Feira Internacional de Segurança Pública e Corporativa
laad-security-2016,2016-04-12,2016-04-14,1,,,http://www.laadsecurity.com.br/2016/,Feira Internacional de Segurança Pública e Corporativa
laad-security-2018,2018-04-10,2018-04-12,1,,,http://laadsecurity.com.br/,Feira Internacional de Segurança Pública e Corporativa
,,,,,,,
land-forces-2014,2014-09-22,2014-09-25,1,427,,https://www.landforces.com.au/,
land-forces-2016,2016-09-06,2016-09-08,2,507,,https://landforces.com.au/Index.asp,
land-forces-2018,2018-09-04,2018-09-06,2,619,,https://landforces.com.au/,
land-forces-2021,2021-06-01,2021-06-03,1,575,,https://landforces.com.au/,
land-forces-2022,2022-10-04,2022-10-06,1,,,https://www.landforces.com.au,
,,,,,,,
lima-1991,1991-11-11,1991-12-16,,,,http://lib.perdana.org.my/PLF/Speech_dmm/speech/1991/THE%20LANGKAWI%20INTERNATIONAL%20MARITIME.PDF,1st Langkawi International Maritime and Aerospace Exhibition
lima-1993,1993-12-07,1993-12-12,,,,http://lib.perdana.org.my/PLF/Speech_dmm/DMM19931207-1.pdf,2nd Langkawi International Maritime and Aerospace Exhibition
lima-1995,1995-12-05,1995-12-10,,,,https://www.pnm.gov.my/yangpertama/Auto_Lima95.htm,3rd Langkawi International Maritime and Aerospace Exhibition
lima-1997,1997-12-02,1997-12-07,,,,http://lib.perdana.org.my/PLF/Speech_dmm/DMM19971202-2.pdf,4th Langkawi International Maritime and Aerospace Exhibition
lima-1999,1999-11-30,1999-12-05,,,,https://boeing.mediaroom.com/1999-11-17-Boeing-To-Be-Well-Represented-At-Lima-99,5th Langkawi International Maritime and Aerospace Exhibition
lima-2001,2001-10-09,2001-10-14,1,,,http://www.lima.com.my/exhibitors-info.html,6th Langkawi International Maritime and Aerospace Exhibition
lima-2003,2003-09-30,2003-10-05,1,,,https://www.lima.com.my/,8th Langkawi International Maritime and Aerospace Exhibition
lima-2007,2007-12-04,2007-12-08,1,,,https://langkawilegend.blogspot.com/2007/10/off-topic-langkawi-international.html,9th Langkawi International Maritime and Aerospace Exhibition
lima-2009,2009-12-01,2009-12-05,2,,,http://www.lima.com.my/factsheet.php,10th Langkawi International Maritime and Aerospace Exhibition
lima-2011,2011-12-06,2011-12-10,2,,,http://www.lima.com.my/,11th Langkawi International Maritime and Aerospace Exhibition
lima-2013,2013-03-26,2013-03-30,2,322,,https://www.lima.com.my/,12th Langkawi International Maritime and Aerospace Exhibition
lima-2015,2015-03-17,2015-03-21,2,283,,http://www.lima.com.my/,13th Langkawi International Maritime and Aerospace Exhibition
lima-2017,2017-03-21,2017-03-25,2,320,,http://www.limaexhibition.com/,14th Langkawi International Maritime and Aerospace Exhibition
lima-2019,2019-03-26,2019-03-30,2,,,http://www.limaexhibition.com/,15th Langkawi International Maritime and Aerospace Exhibition
,,,,,,,
milipol-asia-pacific-2005,2005-03-29,2005-03-31,3,151,,http://www.globalsecasia.com/,Global Security Asia 2005;GSA 2005;International Exhibition & Conference on Homeland Security
milipol-asia-pacific-2007,2007-03-27,2007-03-29,1,143,,http://www.globalsecasia.com/,Global Security Asia 2007;GSA 2007;International Exhibition & Conference on Homeland Security
milipol-asia-pacific-2009,2009-03-17,2009-03-19,1,151,,http://www.globalsecasia.com/,Global Security Asia 2009;GSA 2009;International Exhibition & Conference on Homeland Security
milipol-asia-pacific-2011,2011-03-15,2011-03-17,1,159,,http://www.globalsecasia.com/,Global Security Asia 2011;GSA 2011;International Exhibition & Conference on Homeland Security
milipol-asia-pacific-2013,2013-03-02,2013-03-04,1,195,13,http://www.globalsecasia.com/default.asp?pid=295,Global Security Asia 2013;GSA 2013;International Exhibition & Conference on Counter Terrorism & Security
milipol-asia-pacific-2015,2015-03-03,2015-03-05,1,185,,http://www.globalsecasia.com/,Global Security Asia 2015;GSA 2015;International Exhibition & Conference on Counter Terrorism & Security
milipol-asia-pacific-2017,2017-04-04,2017-04-06,1,,,https://www.milipolasiapacific.com/,
milipol-asia-pacific-2019,2019-04-02,2019-04-04,1,302,,https://www.milipolasiapacific.com/,
milipol-asia-pacific-2022,2022-05-18,2022-05-20,2,65,,https://www.milipolasiapacific.com/,
,,,,,,,
milipol-paris-1997,1997-11-24,1997-11-28,2,431,,http://www.milipol.com/anglais/paris/paris.html https://fr.1001mags.com/parution/action-armes-tir/numero-201-jui-aou-1997/page-60-61-texte-integral,"International Exhibition for Internal State Security, Local Communities and Industrial Site Security, Civil Defence"
milipol-paris-1999,1999-11-23,1999-11-26,1,49,,http://www.milipol.com/anglais/paris/paris99/paris.html,
milipol-paris-2001,2001-11-20,2001-11-23,1,407,,http://www.milipol.com/anglais/paris/paris.html,
milipol-paris-2003,2003-11-18,2003-11-21,,649,,https://www.infona.pl/resource/bwmeta1.element.baztech-article-BSW4-0014-0005/tab/summary,
milipol-paris-2005,2005-11-22,2005-11-25,1,611,,http://www.milipol.com/ http://www.milipol.com/nav/goto.php?menu=paris2003_IV&main=/paris2003/GEN_informations,
milipol-paris-2007,2007-10-09,2007-10-12,1,,,http://www.milipol.com/,
milipol-paris-2009,2009-11-17,2009-11-20,1,,,http://public-prod.milipol.timfair.com/Paris2009/welcome.php?lang=fr&page=home&divers,
milipol-paris-2011,2011-10-18,2011-10-21,1,,,http://en.milipol.com/,
milipol-paris-2013,2013-11-19,2013-11-22,1,,,http://en.milipol.com/,
milipol-paris-2015,2015-11-17,2015-11-20,1,,,http://en.milipol.com/,
milipol-paris-2017,2017-11-21,2017-11-24,1,928,,https://en.milipol.com/,
milipol-paris-2019,2019-11-19,2019-11-22,1,877,,https://en.milipol.com/,
milipol-paris-2021,2021-10-19,2021-10-22,1,744,,https://en.milipol.com/,
milipol-paris-2023,2023-11-14,2023-11-17,1,,,https://en.milipol.com/,
,,,,,,,
milipol-qatar-1996,1996-11-09,1996-11-12,1,201,,http://www.milipol.com/anglais/qatar/statistiques/chiffres.html,
milipol-qatar-1998,1998-10-07,1998-10-10,2,240,,http://www.milipol.com/anglais/qatar/visiteurs/visiteurs.html,
milipol-qatar-2000,2000-11-20,2000-11-23,2,148,,http://www.milipol.com/anglais/qatar/inscription.html,
milipol-qatar-2002,2002-10-28,2002-10-30,2,124,,http://www.milipol.com/anglais/qatar/qatar.html,
milipol-qatar-2004,2004-10-04,2004-10-06,1,214,,milipol.com/,5th International Event for Homeland Security and Civil Defence
milipol-qatar-2006,2006-05-15,2006-05-17,1,175,,http://www.milipol.com/nav/goto.php?main=/quatar2004/GEN_chiffres_cles&menu=quatar2004_IE http://milipol.com/,6th International Event for Homeland Security and Civil Defence
milipol-qatar-2008,2008-11-17,2008-11-19,1,,,http://www.milipol.com/welcome.php?lang=fr&skin=qatar&divers http://www.milipol.com/,7th International Event for Homeland Security and Civil Defence
milipol-qatar-2012,2012-10-08,2012-10-10,1,203,,http://www.milipolqatar.com/,9th International Event for Homeland Security and Civil Defence
milipol-qatar-2014,2014-10-20,2014-11-22,2,,,http://www.milipolqatar.com/,10th International Event for Homeland Security and Civil Defence
milipol-qatar-2016,2016-10-31,2016-11-02,2,,,https://www.milipolqatar.com/,11th International Event for Homeland Security and Civil Defence
milipol-qatar-2018,2018-10-29,2018-10-31,2,154,,https://www.milipolqatar.com/,12th International Event for Homeland Security and Civil Defence
milipol-qatar-2021,2021-03-15,2021-03-17,3,159,,https://www.milipolqatar.com,13th International Event for Homeland Security and Civil Defence
milipol-qatar-2022,2022-05-24,2022-05-26,3,48,,https://www.milipolqatar.com,14th International Event for Homeland Security and Civil Defence
,,,,,,,
mspo-2000,2000-09-06,2000-09-09,1,,,http://www.ctk.com.pl/2000/english/mspo1.html,8th International Defence Industry Exhibition MSPO;Międzynarodowy Salon Przemysłu Obronnego
mspo-2001,2001-09-03,2001-09-06,1,246,,http://www.targikielce.pl/2001/english/mspo1.html,9th International Defence Industry Exhibition MSPO;Międzynarodowy Salon Przemysłu Obronnego
mspo-2002,2002-09-02,2002-09-05,1,236,,http://www.targikielce.pl/2002/english/mspo1.html,10th International Defence Industry Exhibition MSPO;Międzynarodowy Salon Przemysłu Obronnego
mspo-2003,2003-09-02,2003-09-05,1,270,,http://www.targikielce.pl/targi/index.php?language=_en&module=targi&targ_id=110,11th International Defence Industry Exhibition MSPO;Międzynarodowy Salon Przemysłu Obronnego
mspo-2004,2004-08-30,2004-09-02,1,,,http://www.targikielce.pl/targi/index.php?language=_en&module=targi&targ_id=110,12th International Defence Industry Exhibition MSPO;Międzynarodowy Salon Przemysłu Obronnego
mspo-2005,2005-08-29,2005-09-01,1,320,,http://www.targikielce.pl/targi/index.php?language=_en&module=targi&targ_id=171,13th International Defence Industry Exhibition MSPO;Międzynarodowy Salon Przemysłu Obronnego
mspo-2006,2006-09-04,2006-09-07,1,344,,http://www.targikielce.pl/targi/index.php?language=_en&module=targi&targ_id=239,14th International Defence Industry Exhibition MSPO;Międzynarodowy Salon Przemysłu Obronnego
mspo-2007,2007-09-03,2007-09-06,1,,,http://targikielce.pl/index.html?k=mspo&s=index,15th International Defence Industry Exhibition MSPO;Międzynarodowy Salon Przemysłu Obronnego
mspo-2008,2008-09-08,2008-09-11,1,,,https://www.exponet.ru/exhibitions/by-id/mspopol/mspopol2009/index.en.html,15th International Defence Industry Exhibition MSPO;Międzynarodowy Salon Przemysłu Obronnego
mspo-2009,2009-08-31,2009-09-03,1,,,https://www.exponet.ru/exhibitions/by-id/mspopol/mspopol2009/index.en.html,17th International Defence Industry Exhibition MSPO;Międzynarodowy Salon Przemysłu Obronnego
mspo-2010,2010-09-06,2010-09-06,1,,,http://targikielce.pl/index.html?k=mspo&s=index,18th International Defence Industry Exhibition MSPO;Międzynarodowy Salon Przemysłu Obronnego
mspo-2011,2011-09-05,2011-09-08,1,,,http://www.targikielce.pl/index.html?k=mspo&s=index,19th International Defence Industry Exhibition MSPO;Międzynarodowy Salon Przemysłu Obronnego
mspo-2012,2012-09-03,2012-09-06,1,383,,http://www.targikielce.pl/index.html?k=mspo&s=index,20th International Defence Industry Exhibition MSPO;Międzynarodowy Salon Przemysłu Obronnego
mspo-2013,2013-09-02,2013-09-05,1,380,,http://www.targikielce.pl/index.html?k=mspo_en&s=index,21st International Defence Industry Exhibition MSPO;Międzynarodowy Salon Przemysłu Obronnego
mspo-2014,2014-09-01,2014-09-04,1,,,http://www.targikielce.pl/index.html?k=mspo_en&s=index,22nd International Defence Industry Exhibition MSPO;Międzynarodowy Salon Przemysłu Obronnego
mspo-2015,2015-09-01,2015-09-04,1,577,,"http://www.targikielce.pl/en/23rd-international-defence-industry-exhibition-mspo,5170/23rd-international-defence-industry-exhibition-mspo,5170.htm",23rd International Defence Industry Exhibition MSPO;Międzynarodowy Salon Przemysłu Obronnego
mspo-2016,2016-09-06,2016-09-09,1,581,,"http://www.targikielce.pl/en/24th-international-defence-industry-exhibition-mspo,8736/24th-international-defence-industry-exhibition-mspo,8736.htm",24th International Defence Industry Exhibition MSPO;Międzynarodowy Salon Przemysłu Obronnego
mspo-2017,2017-09-05,2017-09-08,1,607,,"http://www.targikielce.pl/en/25th-international-defence-industry-exhibition-mspo,12500/25th-international-defence-industry-exhibition-mspo,12500.htm",25th International Defence Industry Exhibition MSPO;Międzynarodowy Salon Przemysłu Obronnego
mspo-2018,2018-09-04,2018-09-07,1,1522,,"http://targikielce.pl/en/26th-international-defence-industry-exhibition-mspo,16791.htm",26th International Defence Industry Exhibition MSPO;Międzynarodowy Salon Przemysłu Obronnego
mspo-2019,2019-09-03,2019-09-06,1,433,,"http://targikielce.pl/en/27th-international-defence-industry-exhibition-mspo,20959/27th-international-defence-industry-exhibition-mspo,20959.htm",27th International Defence Industry Exhibition MSPO;Międzynarodowy Salon Przemysłu Obronnego
mspo-2020,2020-09-08,2020-09-10,1,190,,https://www.targikielce.pl/en/mspo,28th International Defence Industry Exhibition MSPO;Międzynarodowy Salon Przemysłu Obronnego
mspo-2021,2021-09-07,2021-09-10,1,420,,https://www.targikielce.pl/mspo,29th International Defence Industry Exhibition;Międzynarodowy Salon Przemysłu Obronnego
mspo-2022,2022-09-06,2022-09-09,1,,,https://www.targikielce.pl/en/mspo,30th International Defence Industry Exhibition MSPO;Międzynarodowy Salon Przemysłu Obronnego
,,,,,,,
securex-south-africa-2009,2009-06-30,2009-07-02,1,59,,http://www.ifsecsa.com/,IFSEC SA 2009;IFSEC South Africa 2009
securex-south-africa-2010,2010-08-31,2010-09-02,2,,,http://www.ifsecsa.com/EN/Content/Pages/HOME,IFSEC SA 2010;IFSEC South Africa 2010
securex-south-africa-2011,2011-09-06,2011-09-08,1,22,,http://www.ifsecsa.com/EN/Content/Pages/HOME,IFSEC SA 2011;IFSEC South Africa 2011
securex-south-africa-2012,2012-06-19,2012-06-21,1,185,,http://www.ifsecsa.com/EN/Content/Pages/Home,IFSEC SA 2012;IFSEC South Africa 2012
securex-south-africa-2013,2013-06-18,2013-06-20,1,185,,http://www.ifsecsa.com/EN/Content/Pages/Home,IFSEC SA 2013;IFSEC South Africa 2013
securex-south-africa-2014,2014-05-13,2014-05-15,1,49,,http://www.ifsecsa.com/EN/Content/Pages/Home,IFSEC SA 2014;IFSEC South Africa 2014
securex-south-africa-2015,2015-05-12,2015-05-14,1,154,,http://www.securex.co.za/,
securex-south-africa-2016,2016-05-24,2016-05-26,1,153,,http://www.securex.co.za/,
securex-south-africa-2017,2017-05-30,2017-06-01,1,163,,http://securex.co.za/,
securex-south-africa-2018,2018-05-22,2018-05-24,1,190,,https://www.securex.co.za/,
securex-south-africa-2019,2019-05-14,2019-05-16,1,,,https://www.securex.co.za/,
securex-south-africa-2022,2022-05-31,2022-06-02,1,124,,https://securex.co.za/,
,,,,,,,
securex-uzbekistan-2005,2005-06-01,2005-06-03,,,,https://www.securex.uz/en/exhibition/arkhiv-vystavki.php?PAGEN_2=3,"1st Central Asian International Exhibition «Protection, Security and Fire Safety;CAIPS 2005"
securex-uzbekistan-2007,2007-09-19,2007-09-21,,,,https://www.securex.uz/en/exhibition/arkhiv-vystavki.php?PAGEN_2=3,"2nd Central Asian International Exhibition «Protection, Security and Fire Safety;CAIPS 2007"
securex-uzbekistan-2009,2009-10-07,2009-10-09,,,,https://www.securex.uz/en/exhibition/arkhiv-vystavki.php?PAGEN_2=3,"3rd Central Asian International Exhibition «Protection, Security and Fire Safety;CAIPS 2009"
securex-uzbekistan-2010,2010-09-21,2010-09-23,,,,https://www.securex.uz/en/exhibition/arkhiv-vystavki.php?PAGEN_2=3,"4th Central Asian International Exhibition Protection, Security and Fire Safety;CAIPS 2010"
securex-uzbekistan-2011,2011-11-03,2011-11-05,,,,https://www.securex.uz/en/exhibition/arkhiv-vystavki.php?PAGEN_2=2,"5th Anniversary Central Asian International Exhibition Protection, Security and Fire Protection;CAIPS 2011"
securex-uzbekistan-2012,2012-05-15,2012-05-17,,,,https://www.securex.uz/en/exhibition/arkhiv-vystavki.php?PAGEN_2=2,"6th Central Asian International Exhibition «Protection, Security and Fire Safety;CAIPS 2012"
securex-uzbekistan-2013,2013-10-08,2013-10-11,,,,https://www.securex.uz/en/exhibition/arkhiv-vystavki.php?PAGEN_2=2,"7th Central Asian International Exhibition «Protection, Security and Fire Safety;CIPS 2013"
securex-uzbekistan-2015,2015-10-20,2015-10-22,,,,https://www.securex.uz/en/exhibition/arkhiv-vystavki.php?PAGEN_2=2,"8th Central Asian International Exhibition «Protection, Security and Fire Safety;CAIPS 2015"
securex-uzbekistan-2017,2017-11-15,2017-11-17,2,,,https://www.securex.uz/en/exhibition/arkhiv-vystavki.php,"9th Central Asian International Exhibition «Protection, Security and Fire Safety;CAIPS 2017;Securika Central Asia 2017"
securex-uzbekistan-2018,2018-11-14,2018-11-16,1,24,,https://www.securex.uz/en/,"Securika Central Asia 2018;10th Anniversary Central Asian International Exhibition Protection, Security and Fire Safety"
securex-uzbekistan-2019,2019-11-20,2019-11-22,1,,,https://securex.uz/en/,"11th Central Asian International Exhibition Protection, Security and Fire Safety"
securex-uzbekistan-2021,2021-11-03,2021-11-05,1,17,,https://securex.uz/en/,12th Central Asian International Exhibition for Industrial Safety. Personal Protection Technologies. Equipment & systems for security & fire extinguishing. IT solutions. Data security
securex-uzbekistan-2022,2022-11-02,2022-11-04,1,,,https://www.securex.uz/en/,13th Central Asian International Exhibition for Security & Defence. Safety & Fire Protection. Rescue equipment & Personal Protection Technologies
,,,,,,,
securex-west-africa-2014,2014-03-18,2014-03-18,1,34,,http://www.securexwestafrica.com/index.html,
securex-west-africa-2015,2015-03-24,2015-03-25,1,46,,http://www.securexwestafrica.com/,
securex-west-africa-2016,2016-03-01,2016-03-03,1,38,,http://www.securexwestafrica.com/,
securex-west-africa-2017,2017-03-21,2017-03-23,1,40,,http://www.securexwestafrica.com/,
securex-west-africa-2018,2018-03-20,2018-03-21,1,,,https://www.securexwestafrica.com/,
securex-west-africa-2019,2019-04-16,2019-04-17,1,44,,https://www.securexwestafrica.com/,
securex-west-africa-2022,2022-05-10,2022-05-12,1,124,,https://www.securexwestafrica.com/,
,,,,,,,
securing-asia-2012,2012-06-25,2012-06-27,2,20,11,http://securingasia.com/home.aspx,The Asian Homeland Security & Counter Terror Summit
securing-asia-2013,2013-06-24,2013-06-25,2,17,,http://securingasia.com/home.aspx,The Asian Homeland Security & Counter Terror Summit
securing-asia-2014,2014-07-14,2014-07-15,2,4,,http://securingasia.com/home.aspx,Securing Asia & Africa 2014;The Asian & African Homeland Security Defence and Counter Terrorism Summit
securing-asia-2015,2015-07-13,2015-07-14,2,,,http://securingasia.com/home.aspx,
,,,,,,,
security-policing-2012,2012-01-31,2012-02-02,3,336,,http://www.securityandpolicing.co.uk,
security-policing-2013,2013-03-12,2013-03-14,3,338,,http://www.securityandpolicing.co.uk,
security-policing-2014,2014-03-11,2014-03-13,3,348,,http://www.securityandpolicing.co.uk,
security-policing-2015,2015-03-10,2015-03-12,3,375,,http://www.securityandpolicing.co.uk,
security-policing-2016,2016-03-08,2016-03-10,3,360,,http://www.securityandpolicing.co.uk,
security-policing-2017,2017-03-07,2017-03-09,3,313,,http://www.securityandpolicing.co.uk,
security-policing-2018,2018-03-06,2018-03-08,3,297,64,http://www.securityandpolicing.co.uk,
security-policing-2019,2019-03-05,2019-03-07,4,270,62,http://www.securityandpolicing.co.uk,
security-policing-2020,2020-03-03,2020-03-05,4,300,66,http://www.securityandpolicing.co.uk,
security-policing-2021,2021-03-09,2021-03-11,4,117,,https://www.securityandpolicing.co.uk,
security-policing-2022,2022-03-15,2022-03-17,4,332,68,http://www.securityandpolicing.co.uk,
,,,,,,,
seoul-adex-2005,2005-10-18,2005-10-23,,,,http://www.seouladex.com/eng/about/history.php,5th Seoul International Aerospace & Defense Exhibition 2005
seoul-adex-2007,2007-10-16,2007-10-21,,,,http://www.seouladex.com/eng/about/history.php,6th Seoul International Aerospace & Defense Exhibition 2007
seoul-adex-2009,2009-10-20,2009-10-25,,,,http://www.seouladex.com/eng/about/history.php,7th Seoul International Aerospace & Defense Exhibition 2009
seoul-adex-2011,2011-10-18,2011-10-23,,,,http://www.seouladex.com/eng/about/history.php,8th Seoul International Aerospace & Defense Exhibition 2011
seoul-adex-2013,2013-10-25,2013-11-01,,,,http://www.seouladex.com/eng/#,Seoul International Aerospace & Defense Exhibition 2013
seoul-adex-2015,2015-10-20,2015-10-25,,,,http://seouladex.com/kor/main.asp,Seoul International Aerospace & Defense Exhibition 2015
seoul-adex-2017,2017-10-17,2017-10-22,1,405,,http://www.seouladex.com/exhibitor/eng/main.asp,Seoul International Aerospace & Defense Exhibition 2017
seoul-adex-2019,2019-10-15,2019-10-20,,517,,https://seouladex.com/intro.asp,Seoul International Aerospace & Defense Exhibition 2017
seoul-adex-2021,2021-10-19,2021-10-24,,440,,https://seouladex.com/eng/main/main.php,Seoul International Aerospace & Defense Exhibition 2021
seoul-adex-2023,2023-10-17,2023-10-22,,,,https://seouladex.com/,Seoul International Aerospace & Defense Exhibition 2023
,,,,,,,
sofex-2000,2000-04-17,2000-04-17,,,,https://www.pravda.com.ua/news/2002/04/15/2988238/,SOFEX Jordan;3rd Special Operations Forces Exhibition & Conference
sofex-2002,2002-10-14,2002-10-17,,,,https://gulfnews.com/uae/gec-to-stage-sofex-2002-in-amman-next-october-1.429053,SOFEX Jordan;4th Special Operations Forces Exhibition & Conference
sofex-2004,2004-04-26,2004-04-29,,224,,http://www.sofexjordan.com/about-frame.htm,SOFEX Jordan;5th Special Operations Forces Exhibition & Conference
sofex-2006,2006-03-27,2006-03-30,,281,,http://www.sofexjordan.com/aboutus.shtm,SOFEX Jordan;6th Special Operations Forces Exhibition & Conference
sofex-2008,2008-03-31,2008-04-03,,,,http://www.sofexjordan.com/,SOFEX Jordan;7th Special Operations Forces Exhibition & Conference
sofex-2010,2010-05-10,2010-05-13,,345,64,http://sofexjordan.com,SOFEX Jordan;8th Special Operations Forces Exhibition & Conference
sofex-2012,2012-05-07,2012-05-10,,312,64,http://www.sofexjordan.com/,SOFEX Jordan;9th Special Operations Forces Exhibition & Conference
sofex-2014,2014-05-05,2014-05-08,,373,64,http://www.sofexjordan.com/,SOFEX Jordan;X Special Operations Forces Exhibition & Conference
sofex-2016,2016-05-09,2016-05-12,,342,,http://sofexjordan.com/,SOFEX Jordan;XI Special Operations Forces Exhibition & Conference
sofex-2018,2018-05-07,2018-05-10,1,334,,http://sofexjordan.com/,SOFEX Jordan;XII Special Operations Forces Exhibition & Conference
sofex-2022,2022-10-31,2022-11-03,,,,http://sofexjordan.com,SOFEX Jordan;XIII Special Operations Forces Exhibition & Conference
,,,,,,,
udt-1999,1999-06-29,1999-07-01,,,,http://www.udtnet.com/europe/,Undersea Defence Technology
udt-2000,2000-06-29,2000-07-01,1,70,,http://www.udtnet.com/europe/,Undersea Defence Technology;UDT Europe
udt-2001,2001-06-26,2001-06-28,1,88,,http://www.udtnet.com/europe/,Undersea Defence Technology;UDT Europe
udt-2002,2002-06-18,2002-06-20,1,97,,http://www.udtnet.com/europe/,Undersea Defence Technology;UDT Europe
udt-2003,2003-06-24,2003-06-26,1,73,,http://www.udt-europe.com/,Undersea Defence Technology;UDT Europe
udt-2004,2004-06-23,2004-06-25,1,82,,http://www.udt-europe.com/,Undersea Defence Technology;UDT Europe
udt-2005,2005-06-21,2005-06-23,1,87,,http://www.udt-europe.com/,Undersea Defence Technology;UDT Europe
udt-2006,2006-06-27,2006-06-29,1,108,,http://www.udt-europe.com/exhibition/,Undersea Defence Technology;UDT Europe
udt-2007,2007-06-05,2007-06-07,1,108,,http://www.udt-europe.com/,Undersea Defence Technology;UDT Europe
udt-2008,2008-07-10,2008-07-12,1,117,,http://www.udt-europe.com/homepage.asp?m_pid=0&m_nid=20907,Undersea Defence Technology;UDT Europe
udt-2009,2009-06-09,2009-06-11,1,106,,http://www.udt-europe.com/homepage.asp,Undersea Defence Technology;UDT Europe
udt-2010,2010-06-08,2010-06-10,1,,,www.udt-europe.com/ http://www.bvents.com/event/261937-udt-europe-2010,Undersea Defence Technology;UDT Europe
udt-2011,2011-06-07,2011-06-09,1,,,http://www.udt-europe.com/,Undersea Defence Technology;UDT Europe
udt-2012,2012-05-29,2012-05-31,1,,,http://www.udt-global.com/,Undersea Defence Technology;UDT Global
udt-2013,2013-06-18,2013-06-20,1,,,http://www.udt-global.com/,Undersea Defence Technology;UDT Global
udt-2014,2014-06-10,2014-06-10,1,79,,https://www.udt-global.com/,Undersea Defence Technology;UDT Global
udt-2015,2015-06-03,2015-06-05,1,,,https://www.udt-global.com/,Undersea Defence Technology;UDT Global
udt-2016,2016-06-01,2016-06-03,1,74,,https://www.udt-global.com/,Undersea Defence Technology;UDT Global
udt-2017,2017-05-30,2017-06-01,1,,,http://www.udt-global.com/,Undersea Defence Technology;UDT Global
udt-2018,2018-06-26,2018-06-28,1,111,,https://www.udt-global.com/,Undersea Defence Technology;UDT Global
udt-2019,2019-05-13,2019-05-15,1,79,,https://www.udt-global.com/,Undersea Defence Technology;UDT Global
udt-2022,2022-06-07,2022-06-09,1,99,,https://www.udt-global.com/,Undersea Defence Technology;UDT Global
,,,,,,,
udt-asia-2003,2003-11-12,2003-11-14,1,14,,http://www.udt-asia.com/exhibitors/,Undersea Defence Technology Asia;IMDEX
udt-asia-2011,2011-11-30,2011-12-01,1,8,,http://www.udt-asia.com/,Undersea Defence Technology Asia
udt-asia-2016,2016-01-19,2016-01-20,1,11,,http://www.udt-asia.com/,Undersea Defence Technology Asia
udt-asia-2017,2017-01-17,2017-01-18,1,9,,http://www.udt-asia.com/,Undersea Defence Technology Asia
,,,,,,,
udt-hawaii-2001,2001-10-30,2001-11-01,1,31,,http://www.udtnet.com/hawaii/,Undersea Defence Technology Hawaii
udt-hawaii-2004,2004-10-19,2004-10-21,1,34,,http://www.udt-hawaii.com/,Undersea Defence Technology Hawaii
,,,,,,,
udt-korea-2002,2002-10-08,2002-10-10,1,28,11,http://www.udt-korea.com/,Undersea Defence Technology Korea
,,,,,,,
udt-pacific-2000,2000-02-07,2000-02-09,1,41,,http://www.udtnet.com/pacific/,Undersea Defence Technology Pacific
udt-pacific-2006,2006-12-06,2006-12-08,1,58,,http://www.udt-pacific.com/,Undersea Defence Technology Pacific
udt-pacific-2008,2008-11-04,2008-11-06,1,,,http://www.udt-pacific.com/homepage.asp,Undersea Defence Technology Pacific;UDT Asia/Pacific
,,,,,,,
world-defense-show-2022,2022-03-06,2022-03-09,,403,,https://worlddefenseshow.com,
